filename,topic,topic_label
08036c5a50a93da84c5c45ba468c58159d75281e.txt,1,ğŸ›’ Merchandise Data & Humanitarian Commerce
0a29925ccc5e6299e132a73325956a3abef6dd26.txt,0,ğŸŒŠ Environmental Legislation & Infrastructure
0e21835a42a6df2405496f62647058ff855743c1.txt,1,ğŸ›’ Merchandise Data & Humanitarian Commerce
11613a97cef51ad28635fdd86915e74d94cff227.txt,0,ğŸŒŠ Environmental Legislation & Infrastructure
12851f0053449570257ff3dfe552621a8dd63d53.txt,3,ğŸ“œ State-Level Transport Policy & Administration
17815074de3c9f8af9a5051978a72e2a83f1d18d.txt,0,ğŸŒŠ Environmental Legislation & Infrastructure
183c0f6a2a452dabc05e8eeba962c7b49ad10a62.txt,2,ğŸ« School District Analysis & Policy Metrics
1dcf57a5007b56254583423ba31107d22459bccf.txt,0,ğŸŒŠ Environmental Legislation & Infrastructure
1e8c2332a461a3a142840fa477fa907c66c35dac.txt,0,ğŸŒŠ Environmental Legislation & Infrastructure
201ab28823c4a10ca391e800642e9cf381737ed2.txt,4,"ğŸ¦ Financial Policy, Education, & Pandemic Response"
22ZOCVPAF2GSGXR357RM7UT4Z22RS2LH.txt,2,ğŸ« School District Analysis & Policy Metrics
23JCEIKVL65X2RGSARNY2VOUNXBTJ5AS.txt,0,ğŸŒŠ Environmental Legislation & Infrastructure
2544CYX3TC3T5QB2NTVXD3IUFM654GXK.txt,3,ğŸ“œ State-Level Transport Policy & Administration
27UIROOYZ4IE3FKKNAPCKEQXWBKKN7XM.txt,3,ğŸ“œ State-Level Transport Policy & Administration
281928eff64137efdd144a833c81ad0ee45284c1.txt,0,ğŸŒŠ Environmental Legislation & Infrastructure
2A2C2V4WI5YRDJHR26XUD4IAULIYGTMA.txt,1,ğŸ›’ Merchandise Data & Humanitarian Commerce
2ED27NR7CISW7J4PHXXBZ6OFPVDFHMFB.txt,4,"ğŸ¦ Financial Policy, Education, & Pandemic Response"
2EDEPZ4VHTLPTWSZR6FAVUJ3B2ZVSIPS.txt,3,ğŸ“œ State-Level Transport Policy & Administration
2F73J4NP2YHKVISKHDIDJ7RGPDKTQZ7D.txt,3,ğŸ“œ State-Level Transport Policy & Administration
2FDPTMT2NZDE6RIJSZZXGBMD7LYL7YHV.txt,0,ğŸŒŠ Environmental Legislation & Infrastructure
2G54QACZZK5MIIKK25USTLNPN66FST63.txt,2,ğŸ« School District Analysis & Policy Metrics
2GFKZ3FSJWFKVKALUPEYHSLSHEJ3OGA6.txt,2,ğŸ« School District Analysis & Policy Metrics
2KH4X5DOMVDC44GAIAFOCYEKJMXGQH4T.txt,3,ğŸ“œ State-Level Transport Policy & Administration
2KPPNYIT75S3H25JKEWTMQ7WRNCCTMJM.txt,2,ğŸ« School District Analysis & Policy Metrics
2KQDEYIMQDVT2DUARRCJV5HEUYY2HO7H.txt,2,ğŸ« School District Analysis & Policy Metrics
2LVOKCURIEQKLK43I6T7QLYYQX3RQUXX.txt,0,ğŸŒŠ Environmental Legislation & Infrastructure
2QCQAIXCPZZPZPEEBHJT4WUB5BA42DCP.txt,3,ğŸ“œ State-Level Transport Policy & Administration
2QWDF5JK4N7WQ4NQRZRLF4CYOUF32WTR.txt,0,ğŸŒŠ Environmental Legislation & Infrastructure
2RE7KOL5KV5FFCUG6CYUVEFF4KIUZN2V.txt,0,ğŸŒŠ Environmental Legislation & Infrastructure
2REYVBYLIEUNFBZ5FULJCPTJCZHNOENV.txt,0,ğŸŒŠ Environmental Legislation & Infrastructure
2S672A3DIW3E7MHKG25AHSCC7GP5IWSS.txt,3,ğŸ“œ State-Level Transport Policy & Administration
2SFC5QHEHUKZAZANWGTNYNCLR6KHKDS2.txt,2,ğŸ« School District Analysis & Policy Metrics
2UD7BSKC7GT3V7I6DK5NH5TFKJ6F3EXL.txt,2,ğŸ« School District Analysis & Policy Metrics
2WE4HZPD57KVPL4RQKCB4PUG42SQ2RMJ.txt,0,ğŸŒŠ Environmental Legislation & Infrastructure
2XJLJAFHRTLAIWFDDAVMV2U4QJMISM4P.txt,4,"ğŸ¦ Financial Policy, Education, & Pandemic Response"
2XP6SY3BBU24ICI4JSHCLNQKAKGVMMPG.txt,0,ğŸŒŠ Environmental Legislation & Infrastructure
2YS3ALM6OTD5ENWN4Z5LOBWG735756DX.txt,0,ğŸŒŠ Environmental Legislation & Infrastructure
2Z5VOQ6G6CMR5GMVSAAXULXHXTMJPTM2.txt,1,ğŸ›’ Merchandise Data & Humanitarian Commerce
2ZJG56HD3YEZGEQZL4RFOYNIMTZISHDX.txt,0,ğŸŒŠ Environmental Legislation & Infrastructure
2a85b52768ea5761b773be49b09d15f0b95415b0.txt,0,ğŸŒŠ Environmental Legislation & Infrastructure
2c143c1675c174d0317c3a1f67b68b2b60047467.txt,1,ğŸ›’ Merchandise Data & Humanitarian Commerce
32PQ6TLRU26TDGA4NLYBMYEHYGX3X7US.txt,3,ğŸ“œ State-Level Transport Policy & Administration
343996d0a9beed58eebc1d7c0e133fd2f89fb3ab.txt,1,ğŸ›’ Merchandise Data & Humanitarian Commerce
35CQZCOMND26DXY46FVVS47WB2AL75OK.txt,2,ğŸ« School District Analysis & Policy Metrics
35DKLURQRIKJHCGH3IP5TO2BTAOV4CBN.txt,0,ğŸŒŠ Environmental Legislation & Infrastructure
35REBWQXW3JLUKC6DAANAQ2P3RI5B6A6.txt,1,ğŸ›’ Merchandise Data & Humanitarian Commerce
37RZ6AARR76UDY2JH4LRVGQBIPYUQ2A2.txt,2,ğŸ« School District Analysis & Policy Metrics
37WOUPCWLZGR4AFDBNNHKUHNTVLYXVLD.txt,4,"ğŸ¦ Financial Policy, Education, & Pandemic Response"
380cadf4f7caa0146071865cce258e9aaabac440.txt,1,ğŸ›’ Merchandise Data & Humanitarian Commerce
391ee0e4abd1e732bd7c3e5c5dac77be1d03f569.txt,2,ğŸ« School District Analysis & Policy Metrics
3E6NFFOKDMQM3UXDKS73LAJGQXBVDXPE.txt,3,ğŸ“œ State-Level Transport Policy & Administration
3EG2SKQ4OJ5RGGAPXC4LPRAYJJJNH2XO.txt,3,ğŸ“œ State-Level Transport Policy & Administration
3G2C6NNZ42WCE3GQ2SREVI2FQIJMQTVT.txt,0,ğŸŒŠ Environmental Legislation & Infrastructure
3HATKPN6TVEYUNQ6PK5MYH6VA6VX6ECE.txt,3,ğŸ“œ State-Level Transport Policy & Administration
3HYJT3CPUFRXVQSY3IJIK5ERD4XWBDUQ.txt,0,ğŸŒŠ Environmental Legislation & Infrastructure
3I2DH7KNN6KICUFNT6P4MKHUAPPBJD2Y.txt,2,ğŸ« School District Analysis & Policy Metrics
3I3G2ZKLILXKCZTX77LVBWNF5IR2ZM7E.txt,2,ğŸ« School District Analysis & Policy Metrics
3IFL3YAHHYK5PMUEVWZZ2PHZ7TYPPTET.txt,3,ğŸ“œ State-Level Transport Policy & Administration
3KF674T52XCSSWUXJN6WRXYXLXBCQI3P.txt,0,ğŸŒŠ Environmental Legislation & Infrastructure
3KT2OE6FWFEQPKT754Z3YHJQ3XTLPQZS.txt,3,ğŸ“œ State-Level Transport Policy & Administration
3KYS5FP4VPQMHQKSV6PY3UOXQILNMOPO.txt,0,ğŸŒŠ Environmental Legislation & Infrastructure
3OHZBJVNLM4IAL6GLY3AKUQIVCNLPJLO.txt,2,ğŸ« School District Analysis & Policy Metrics
3P5D3UKXU2R6I2TK4OJSLL6LGIQJ4NY5.txt,1,ğŸ›’ Merchandise Data & Humanitarian Commerce
3PILGMQ4BBDRSLAPZCPVAHBNX53K2NUJ.txt,3,ğŸ“œ State-Level Transport Policy & Administration
3RCHLDD2YCPDNLHEV4AVKEPBYJP5UBZB.txt,2,ğŸ« School District Analysis & Policy Metrics
3RFOUAJS2LT6ZCT3K6C2SXFMNCJHTP5Q.txt,2,ğŸ« School District Analysis & Policy Metrics
3SX4ZUITX7U6NVFXAEJBBJXEQ76IJFKV.txt,3,ğŸ“œ State-Level Transport Policy & Administration
3WVRGDKMXZRPVBBNRYOLXY3J3VIZROXI.txt,1,ğŸ›’ Merchandise Data & Humanitarian Commerce
3XSJWLQUWUFRCZDJZ2RLJ6KMMDBJZG4D.txt,0,ğŸŒŠ Environmental Legislation & Infrastructure
3ZVA64MJREBJXFOQOIXK6WJVPBWFJF7L.txt,1,ğŸ›’ Merchandise Data & Humanitarian Commerce
3fd6a0981cec7cf21e133249fea7e0e4474ec88d.txt,1,ğŸ›’ Merchandise Data & Humanitarian Commerce
42727bc0ea22235a316e371df59c49011ef2a328.txt,0,ğŸŒŠ Environmental Legislation & Infrastructure
43QM3XC3PVX5LLMG2IHDTOMSCNYZYA7Y.txt,3,ğŸ“œ State-Level Transport Policy & Administration
44CC3S6FHPO5OFLW26RYVMNN3CLMBFU5.txt,3,ğŸ“œ State-Level Transport Policy & Administration
44PBM3B5SUUOF74NERNZAUH2PBBU5SPB.txt,4,"ğŸ¦ Financial Policy, Education, & Pandemic Response"
44fd6224a81709051890169e2533ac5fd75cd93a.txt,3,ğŸ“œ State-Level Transport Policy & Administration
45W73IZ4UHYYGASU2Y4JO6Q7SC56OPTI.txt,3,ğŸ“œ State-Level Transport Policy & Administration
46GSXB43D2TH7HJXKW6TMVNR4RIKCUEO.txt,2,ğŸ« School District Analysis & Policy Metrics
46KXLWATPXX7EE6CIIN3H4KUPVN3RX75.txt,3,ğŸ“œ State-Level Transport Policy & Administration
46QMULSFORX2CQ75FYZAEACXSD7AJKPG.txt,4,"ğŸ¦ Financial Policy, Education, & Pandemic Response"
46ZGYJDQNL2COPU447ILTCZ6EUMSQOHA.txt,4,"ğŸ¦ Financial Policy, Education, & Pandemic Response"
47HBHTDSTAKCJIYQ22345FHWVNVJMXJL.txt,2,ğŸ« School District Analysis & Policy Metrics
47MF5MPMCKI6IZUM67ZZF3JWE2D42DLM.txt,2,ğŸ« School District Analysis & Policy Metrics
49833f5cf0647c2295e3b3bf11a68ec47a813414.txt,0,ğŸŒŠ Environmental Legislation & Infrastructure
4ADSQBDDIAH74AABB7OJ4AP5ZVHU7QIF.txt,4,"ğŸ¦ Financial Policy, Education, & Pandemic Response"
4ANUUHOJ7LTWU4PYON2VXJMPPUGDYWPD.txt,0,ğŸŒŠ Environmental Legislation & Infrastructure
4BYJ3SJ7LQLUQONSHK7CN7NJFWKW62CX.txt,3,ğŸ“œ State-Level Transport Policy & Administration
4C5BLCGBSAKXLBL674TCFLMNISKMFTF7.txt,3,ğŸ“œ State-Level Transport Policy & Administration
4CWINULHRRVWF33LXZE4U5EEHETC2SI6.txt,0,ğŸŒŠ Environmental Legislation & Infrastructure
4F6ZJS2JPBXSPZK5FG5NMTRHS6NMWKOJ.txt,4,"ğŸ¦ Financial Policy, Education, & Pandemic Response"
4GJGAIUVBMLM3W7O5SV4EKDNKC4DVOCL.txt,0,ğŸŒŠ Environmental Legislation & Infrastructure
4GJOQXDXU2XKJOU5NUAAVWW7LS4LSYA7.txt,3,ğŸ“œ State-Level Transport Policy & Administration
4J72NV3NRCPTITE2IIE2CG2NMBSSLM67.txt,0,ğŸŒŠ Environmental Legislation & Infrastructure
4JIOYSGO26FIUJU47G4MCVYSZUGX7EAE.txt,3,ğŸ“œ State-Level Transport Policy & Administration
4JVIYSW2MHWPE5BXGXLAXTNMHGHJFPUP.txt,0,ğŸŒŠ Environmental Legislation & Infrastructure
4L35CSXFUATM7UTMSDUPULOT54HTIGRP.txt,0,ğŸŒŠ Environmental Legislation & Infrastructure
4LRW52I7I5ZTB2VO2BGAW4YQUNGJXAP2.txt,2,ğŸ« School District Analysis & Policy Metrics
4MXIGGV3UCFRYPPPQ4LGGB27K42PFGQV.txt,3,ğŸ“œ State-Level Transport Policy & Administration
4NULTK4K27CEH4E6TCVCEHXAWVJJMWSX.txt,3,ğŸ“œ State-Level Transport Policy & Administration
4P4SBCDNQWWUH5CI2KLPHVFIUV54ODLT.txt,4,"ğŸ¦ Financial Policy, Education, & Pandemic Response"
4RPOXAYQCNHNFQZMBDNNZAZUSVYDBPQJ.txt,1,ğŸ›’ Merchandise Data & Humanitarian Commerce
4UCZ4AEHAQQE2MYSFOGR6GRRPKNIAFCW.txt,0,ğŸŒŠ Environmental Legislation & Infrastructure
4VMUKG4TIVAVUP5H4SRGXIJZUWERU7I2.txt,1,ğŸ›’ Merchandise Data & Humanitarian Commerce
4VXCOS4VUT37JP4BK425KOKWXRYTMJDO.txt,0,ğŸŒŠ Environmental Legislation & Infrastructure
4WDM523HPSRSKBCVFVEJGLJ43DYOQRKO.txt,3,ğŸ“œ State-Level Transport Policy & Administration
50e0b81c3fa67c109bf639a3b90c5850974f7697.txt,0,ğŸŒŠ Environmental Legislation & Infrastructure
536b64435024c919d6b4c3f5819a889d0607f349 (1).txt,1,ğŸ›’ Merchandise Data & Humanitarian Commerce
536b64435024c919d6b4c3f5819a889d0607f349.txt,1,ğŸ›’ Merchandise Data & Humanitarian Commerce
53MPVZWCXMT55PDT4CQCJ2MN5JAKIAGV.txt,0,ğŸŒŠ Environmental Legislation & Infrastructure
5CCWTN5UI7YVM55N2H5CXFYZ44PMKUB4.txt,2,ğŸ« School District Analysis & Policy Metrics
5DRAZXKISWU5KHFNDUABKC7KUKS6IXDK.txt,4,"ğŸ¦ Financial Policy, Education, & Pandemic Response"
5EAVIV25ANDVUI4BBJQE6S5KDAECENZZ.txt,2,ğŸ« School District Analysis & Policy Metrics
5F7F36M3NZCHDTIFIVI5JQRBDYNY6KJL.txt,3,ğŸ“œ State-Level Transport Policy & Administration
5IPJIVPM6LCPD36Z6TPNZNJQJNATZVNV.txt,4,"ğŸ¦ Financial Policy, Education, & Pandemic Response"
5IXFUAXPIWSNS4I6KSOJCGHEFEEBY5IE.txt,4,"ğŸ¦ Financial Policy, Education, & Pandemic Response"
5JEF6INEQSUEH2KKAOO5NNONLBEXWTXI.txt,0,ğŸŒŠ Environmental Legislation & Infrastructure
5JWNPTKTIAPTHTEGVKW7WVNBDBKQMRJO.txt,0,ğŸŒŠ Environmental Legislation & Infrastructure
5LJK3WBGEWURVXHBKF7FQP32FD7C7FQO.txt,2,ğŸ« School District Analysis & Policy Metrics
5LSCLZ4YEU5LZUAPARZB6QKKYSPSLW26.txt,2,ğŸ« School District Analysis & Policy Metrics
5M56W5BE4HY6J3WK2TN3HZJ6N3ZMYTJ4.txt,0,ğŸŒŠ Environmental Legislation & Infrastructure
5PFVA6CO2FP66IJYJJ4YMWOLK5EHRCCD.txt,3,ğŸ“œ State-Level Transport Policy & Administration
5SMHFLT35YOIS6UTY6OKBZYRZSTDMG2Q.txt,2,ğŸ« School District Analysis & Policy Metrics
5WEKPBBWFKF47XDYW5QBC36KFVBYJFE5.txt,3,ğŸ“œ State-Level Transport Policy & Administration
5WZLEVFSNHYXSOEJSBBALIZP2REQ5BWL.txt,2,ğŸ« School District Analysis & Policy Metrics
5XZTPYHPVJRYA5KPITBHN5UGYNZAVSQA.txt,0,ğŸŒŠ Environmental Legislation & Infrastructure
5f1daaa6087c0d2d803b23997270dc8d79a1eb40.txt,1,ğŸ›’ Merchandise Data & Humanitarian Commerce
62385983da48ed17e440fb89bcf0e436630b8d6f.txt,0,ğŸŒŠ Environmental Legislation & Infrastructure
642c5aed3f342a15e2ae287d5350a5735bae9ebc.txt,1,ğŸ›’ Merchandise Data & Humanitarian Commerce
64PJRWTXR43NVMTQCZGEFDUZA3JMJTD7.txt,2,ğŸ« School District Analysis & Policy Metrics
65UHUSAELNKVXUYGUXKY2JQLAKWINVC2.txt,4,"ğŸ¦ Financial Policy, Education, & Pandemic Response"
65VH6VWWJJCZNGG3XTA7XAPZRAIOGYEV.txt,0,ğŸŒŠ Environmental Legislation & Infrastructure
65WL52OJL3MDCHS3SWEUYFWBO5W23F2M.txt,3,ğŸ“œ State-Level Transport Policy & Administration
666HXEHN6OLTL3QKGACG3DJ7UL4L5NWL.txt,2,ğŸ« School District Analysis & Policy Metrics
672YOEHR4MIARPSZVTI7ERPCKKA3FNIY.txt,4,"ğŸ¦ Financial Policy, Education, & Pandemic Response"
67JSPHIB2F6WUL35OLRAOZ2UEDTI2XZ5.txt,2,ğŸ« School District Analysis & Policy Metrics
6A2V6MYYSW4C6QUKXJX7BEGNPYKZGV6O.txt,2,ğŸ« School District Analysis & Policy Metrics
6AVXT3OLPGYVAG7L4CBYJHXLAXJE4V6F.txt,2,ğŸ« School District Analysis & Policy Metrics
6C4F5OS4HOEBDQEKSVUX42XOMOJG3BNW.txt,0,ğŸŒŠ Environmental Legislation & Infrastructure
6C5QST2YJX7GA4BOHPZK66SWOSEATYGO.txt,3,ğŸ“œ State-Level Transport Policy & Administration
6E3WYLLW5ZLHABZK74PHX5TBLZXXBLGG.txt,0,ğŸŒŠ Environmental Legislation & Infrastructure
6F47YISD72RZCG6OYZQCQLCYJX5E7MBK.txt,0,ğŸŒŠ Environmental Legislation & Infrastructure
6G5OZCK6EQTZ35IQ7FV4UW64WVMWAW4T.txt,3,ğŸ“œ State-Level Transport Policy & Administration
6GHFGNIZJZWEVRNG4J5ILE62VJ3PUURO.txt,2,ğŸ« School District Analysis & Policy Metrics
6HPMFPOTKN7J772QGZBHKGKYSNEYTF3I.txt,0,ğŸŒŠ Environmental Legislation & Infrastructure
6HTC5FVAQW3DVHYRD7PVJGBBQS7GRZTL.txt,0,ğŸŒŠ Environmental Legislation & Infrastructure
6LM5MPDEKTK4FAVUBSU5HZOLO33XZOV6.txt,3,ğŸ“œ State-Level Transport Policy & Administration
6MPUNFSLSFKNLOGE2I6WRELWSJOF27UK.txt,2,ğŸ« School District Analysis & Policy Metrics
6MVFNNKY5VH3TCVPVECRH6YBKKZQMUFA.txt,2,ğŸ« School District Analysis & Policy Metrics
6OV4KF7OC77SI4QQ6W5MKPRKLFKJFMSA.txt,0,ğŸŒŠ Environmental Legislation & Infrastructure
6QJJJ7KLDUS7SZA75TV36J7KF4BXERLH.txt,0,ğŸŒŠ Environmental Legislation & Infrastructure
6REZDVWAZINCN3EC63464SLUVI2QJHJW.txt,4,"ğŸ¦ Financial Policy, Education, & Pandemic Response"
6RWOLVNDX4CTI4PAGDGMWC3FFBTVW3TK.txt,2,ğŸ« School District Analysis & Policy Metrics
6RZXET5EGN7QMGM5PROIXJI447YTCETZ.txt,4,"ğŸ¦ Financial Policy, Education, & Pandemic Response"
6S4BF3BBWSDF2EUWMDVBVAAUUCVOCTVP.txt,4,"ğŸ¦ Financial Policy, Education, & Pandemic Response"
6X3XULQL4IDEVAAER5F2M3RJGJS2REAH.txt,3,ğŸ“œ State-Level Transport Policy & Administration
6X7DGVAM2PXFTZ3B6YQOHRCZ3VVBS5LO.txt,3,ğŸ“œ State-Level Transport Policy & Administration
6Z3CUWVPRPVEBPROWQCD6EZJ22CLL5OY.txt,0,ğŸŒŠ Environmental Legislation & Infrastructure
6a72e705ce8cec9c77d24212eed6962d99a2883d.txt,0,ğŸŒŠ Environmental Legislation & Infrastructure
6fb1b50dc88bf6c0bb775bf32a6b678b4a558c69.txt,1,ğŸ›’ Merchandise Data & Humanitarian Commerce
7096e75ab6e07bb7950205a526f70af2024a802a.txt,0,ğŸŒŠ Environmental Legislation & Infrastructure
719954f8de432dbfef6253fd5bfaad07dc44e103.txt,2,ğŸ« School District Analysis & Policy Metrics
73KIZM2KPVDJHMKWM5X36DBUKAOOCWZ4.txt,3,ğŸ“œ State-Level Transport Policy & Administration
74F5ZIL7U3L5IE7BFTNNS5ISLSFCIIU2.txt,0,ğŸŒŠ Environmental Legislation & Infrastructure
74JU6CDDK5QMBF2HTCNUWTUTJZJONVWI.txt,3,ğŸ“œ State-Level Transport Policy & Administration
74e685ae7e7ff7d88ce66cc6cb6ba62d54c2300a.txt,4,"ğŸ¦ Financial Policy, Education, & Pandemic Response"
7595be6b415543e53ed0cb08ce66dfa5dfb7ec0f.txt,2,ğŸ« School District Analysis & Policy Metrics
76884526812b71751da20a1072d81c012ec88486.txt,1,ğŸ›’ Merchandise Data & Humanitarian Commerce
76P47DRTKG4I3M56ZPDSWTVW4AC37RWI.txt,0,ğŸŒŠ Environmental Legislation & Infrastructure
77e58eba9bdacf3037f2960aff98359105d3611a.txt,2,ğŸ« School District Analysis & Policy Metrics
7A3MBRLFC6OU5KGMFIDEQPUOQTROBYUS.txt,0,ğŸŒŠ Environmental Legislation & Infrastructure
7AOKCH7TMDCIAHWMUUSKUZBGPH3T5P5N.txt,1,ğŸ›’ Merchandise Data & Humanitarian Commerce
7AUNHNHEJ5WZYXSDOPHTM3UHLGVPSSX6.txt,4,"ğŸ¦ Financial Policy, Education, & Pandemic Response"
7CIFOV7XZXS6EHUFYZF6H3NCN637PI2M.txt,0,ğŸŒŠ Environmental Legislation & Infrastructure
7DHC66NNE4RHBN7MNVPKSCN6E2GFRS2Z.txt,3,ğŸ“œ State-Level Transport Policy & Administration
7DTWNUKZRSFNKJJG3QFPB72M3TBLXVRL.txt,1,ğŸ›’ Merchandise Data & Humanitarian Commerce
7GB7EXTYK2SHE3R3CBCOYKLOQT4CMEAF.txt,4,"ğŸ¦ Financial Policy, Education, & Pandemic Response"
7GYQLFBVGRTYWE73NKCNCODTJVURFULB.txt,3,ğŸ“œ State-Level Transport Policy & Administration
7HBBXA2H7AQGVZSBZTLTPKAAEE3ZY2YK.txt,3,ğŸ“œ State-Level Transport Policy & Administration
7ID44TA4ZPWEYUNNLNWPGUFJWDYENEDY.txt,0,ğŸŒŠ Environmental Legislation & Infrastructure
7IYBO6EFOFMF4ETCCIZYJEGPTBQY3EE5.txt,0,ğŸŒŠ Environmental Legislation & Infrastructure
7LAHAWE6SGPL25FWUGMRKXCMTD3CWEBO.txt,3,ğŸ“œ State-Level Transport Policy & Administration
7MHCNBM2ZR4PD2BSWVFLG77BRN3HS3AD.txt,3,ğŸ“œ State-Level Transport Policy & Administration
7N6KRBZIEFV4F5QLLW3GBF6LKNNWSWVB.txt,2,ğŸ« School District Analysis & Policy Metrics
7ODKVGAYKZTRQVTJRVNSXSEK3QC43I3B.txt,2,ğŸ« School District Analysis & Policy Metrics
7PZU4ANBX7CFDAKIK25A2U6GR5OMGEZX.txt,0,ğŸŒŠ Environmental Legislation & Infrastructure
7QX6IKZ22UTQYM2ZQVUU64G4ZKYSDE2R.txt,0,ğŸŒŠ Environmental Legislation & Infrastructure
7RVVK7WHY6HBTX3RU6AVLEEPLNLNQQDZ.txt,0,ğŸŒŠ Environmental Legislation & Infrastructure
7VDYUYI25N4D4JRD7SKH4HJVX7GYRRFJ.txt,0,ğŸŒŠ Environmental Legislation & Infrastructure
7WOCAN6T6B5JRJB4C5LAIHLE6ERU2V22.txt,2,ğŸ« School District Analysis & Policy Metrics
7YLE2QQTJK2HP5N2PUSAA3IKH662U3Y6.txt,3,ğŸ“œ State-Level Transport Policy & Administration
7bee00906c1ce0a45940a9381fe32dd0d79cfd93.txt,1,ğŸ›’ Merchandise Data & Humanitarian Commerce
80544a7f935d5910e3563d42774ad042e40fe907.txt,2,ğŸ« School District Analysis & Policy Metrics
814f9f98c59d2d3fcdd3650f2f4c15ca526274cf.txt,0,ğŸŒŠ Environmental Legislation & Infrastructure
8694bf4331c54425ae63b467f3d60213a56ff016.txt,3,ğŸ“œ State-Level Transport Policy & Administration
879ec9e7fed8f827f29acd1f83f3bb75e002360f.txt,1,ğŸ›’ Merchandise Data & Humanitarian Commerce
887c6fd22c2be24a023105b3fb23d5e29dfd8055.txt,2,ğŸ« School District Analysis & Policy Metrics
8a52f87f42831fabd6d3b69de6424fcb606fa6a9.txt,2,ğŸ« School District Analysis & Policy Metrics
9022c3a507bbfa1e98daeffd0f70f128f19746d3.txt,3,ğŸ“œ State-Level Transport Policy & Administration
9a88dbee11432f3b74011df8eeab1943959dbb20.txt,1,ğŸ›’ Merchandise Data & Humanitarian Commerce
9c4d24605c30d02dcb31fb1cdaa442201d5f00bd.txt,1,ğŸ›’ Merchandise Data & Humanitarian Commerce
9e6045a3ee13c27de6bd14c7fe85cef8f7a28fbf.txt,1,ğŸ›’ Merchandise Data & Humanitarian Commerce
A5PO2R5VRU5CSRP4JRS5SZNUTAD7P3HA.txt,4,"ğŸ¦ Financial Policy, Education, & Pandemic Response"
A5YCHM3QP2ZNRJWUDGZJQNT2PK2FZOQU.txt,2,ğŸ« School District Analysis & Policy Metrics
A6C74HSIBPJ2GOACYBE3PWDZSFCEPS4Z.txt,3,ğŸ“œ State-Level Transport Policy & Administration
A6DZXB7GJCZULMSWOVPHR6WR6FRXNRAN.txt,0,ğŸŒŠ Environmental Legislation & Infrastructure
A7KSCZYZQUBH6PEDXX3YKPP3NRNTAF2X.txt,0,ğŸŒŠ Environmental Legislation & Infrastructure
AA7LE5CV3O4PNQJPJXH2W6ML2O44A2ET.txt,3,ğŸ“œ State-Level Transport Policy & Administration
AB2LVVUR7Q4T7O5QDSUALJSM5UMJH2HT.txt,0,ğŸŒŠ Environmental Legislation & Infrastructure
ADKCW3EY3SXNVTZUASDS7GAKEJ4GIQBI.txt,2,ğŸ« School District Analysis & Policy Metrics
ADYF6YEDFBWOGKPODVGYMTVM4VRY2C5K.txt,2,ğŸ« School District Analysis & Policy Metrics
AEDZUJF6HFEQUC3GZMVSC5EVDPBEJ7TF.txt,2,ğŸ« School District Analysis & Policy Metrics
AEJC2MUHWWSV5JKM6Q34CUY7QK4LVHP7.txt,4,"ğŸ¦ Financial Policy, Education, & Pandemic Response"
AF4I2VHMC6A56VICVEDIJ4MH5KRYKFTS.txt,3,ğŸ“œ State-Level Transport Policy & Administration
AFY6ATO2NPPVGZIG5SWMYZ7QGSGWRPGZ.txt,0,ğŸŒŠ Environmental Legislation & Infrastructure
AG62TAHBIVHRPIZC4SJHTXWHNFOKTYL5.txt,2,ğŸ« School District Analysis & Policy Metrics
AGA4FFOUY3VW5J6OAKHFGWZ6TS4KYOF7.txt,2,ğŸ« School District Analysis & Policy Metrics
AGFUUCT2P73LRPEVWZK7X7PVK4Z4ZNPL.txt,1,ğŸ›’ Merchandise Data & Humanitarian Commerce
AHJAUKMSCN4OI3FPBHSLQVQSDTKBIHI3.txt,0,ğŸŒŠ Environmental Legislation & Infrastructure
AI27TP7D5YR3E23YDKFKVE27DDUEN5TU.txt,3,ğŸ“œ State-Level Transport Policy & Administration
AI4AB74IQJ5NS5YEJ7SWZSEICZWWXSVP.txt,0,ğŸŒŠ Environmental Legislation & Infrastructure
AJAVZPZY2QKIC3OGVEN464UVGPNZP3HW.txt,0,ğŸŒŠ Environmental Legislation & Infrastructure
AJS2YB2O3ZRHMBI5IKKT2GU3R6H44U4J.txt,3,ğŸ“œ State-Level Transport Policy & Administration
AJUCXMX47JIFDGYJLPX5YLA7W3N4IXSV.txt,3,ğŸ“œ State-Level Transport Policy & Administration
AJXUPPG2S5WLMN76I434ABJTFQFTSFSO.txt,2,ğŸ« School District Analysis & Policy Metrics
AKT2VCFHNFNLCVYCCSPWNM2TX2C2PGID.txt,4,"ğŸ¦ Financial Policy, Education, & Pandemic Response"
ALQMFHOFCDKV7HIO2VGHCM3ZDDVVZPBW.txt,4,"ğŸ¦ Financial Policy, Education, & Pandemic Response"
AMTYOKGXFE7QNNQKJ73HZRLDKD3CSQW2.txt,4,"ğŸ¦ Financial Policy, Education, & Pandemic Response"
AMUVMXBOGLM4XL5MLD7IPQDEPKAQB63X.txt,3,ğŸ“œ State-Level Transport Policy & Administration
AOHFJXCVNQCUJ22WM7SFTERIBYRNUKQ3.txt,3,ğŸ“œ State-Level Transport Policy & Administration
AOSZGPMOO45NZWZW33KQ6GJTNMFZREWT.txt,3,ğŸ“œ State-Level Transport Policy & Administration
AOZ2LBQOYCC5F3KFBN3FUGN2FODM6DCU.txt,0,ğŸŒŠ Environmental Legislation & Infrastructure
APIOSIGX4MKMHFQO5ZZK6YR5Z7IUFJOU.txt,3,ğŸ“œ State-Level Transport Policy & Administration
APSZJI6LK7RTS54T7IXF4JHQFEOPNCCZ.txt,0,ğŸŒŠ Environmental Legislation & Infrastructure
AVFIBOSLNYG5BBP2JOV3MOBAFZDYN7DP.txt,0,ğŸŒŠ Environmental Legislation & Infrastructure
AWE3PO5E4TSOCWQPQNPZVRA44RUSABZG.txt,1,ğŸ›’ Merchandise Data & Humanitarian Commerce
AXTUGHLO4R73GWXQ7YYSTQGN5OI4ZWBC.txt,2,ğŸ« School District Analysis & Policy Metrics
AYZVGVPYWC6TNBDO76IU7PON3RZ22WQP (1).txt,2,ğŸ« School District Analysis & Policy Metrics
AYZVGVPYWC6TNBDO76IU7PON3RZ22WQP.txt,2,ğŸ« School District Analysis & Policy Metrics
AZ7NEETDHP5PGNW2OI4D5AUJBQMF3OYE.txt,3,ğŸ“œ State-Level Transport Policy & Administration
B3LIWULH323OKSAJATTM7QK5O7KKYMCA.txt,2,ğŸ« School District Analysis & Policy Metrics
B4BDQGQ5WNDFTCQP46PNPZW2DUJ56GJH (1).txt,3,ğŸ“œ State-Level Transport Policy & Administration
B4BDQGQ5WNDFTCQP46PNPZW2DUJ56GJH.txt,3,ğŸ“œ State-Level Transport Policy & Administration
B5KPJCA2OHJFRE4CRZV6E2O7OQMTIU2M.txt,0,ğŸŒŠ Environmental Legislation & Infrastructure
B5PCEYSOV53475ZZQE7OPLN4FUVDRC7Y.txt,0,ğŸŒŠ Environmental Legislation & Infrastructure
BCUX3MK6IP7A6DWNH2ORKIO2PECOXJDO.txt,0,ğŸŒŠ Environmental Legislation & Infrastructure
BFS4QFMW3DINEZVMEQEDDKQYOURCQ62M (1).txt,2,ğŸ« School District Analysis & Policy Metrics
BFS4QFMW3DINEZVMEQEDDKQYOURCQ62M.txt,2,ğŸ« School District Analysis & Policy Metrics
BFWOETAIBXJQILXW3TFPQFSKPR726RJ5.txt,2,ğŸ« School District Analysis & Policy Metrics
BI5TFHTLJDOJCIYTD6D2PM5OBALKZ4QX.txt,3,ğŸ“œ State-Level Transport Policy & Administration
BIQ36HF3QF3EIONNDI43TL5IU43SQKWJ.txt,2,ğŸ« School District Analysis & Policy Metrics
BKDEEPDFQCNSHDSJKAW6JR2BO27KEZ3Q.txt,0,ğŸŒŠ Environmental Legislation & Infrastructure
BKWDR4PBS4CBB6SJ7JBXHZZ6HTNIVYXW.txt,0,ğŸŒŠ Environmental Legislation & Infrastructure
BLPT55AK2Y5UAQGF36X5OMVOO6APKWVI.txt,0,ğŸŒŠ Environmental Legislation & Infrastructure
BLQYONKYGPSK7RW76LOAUDZGQXB634CT.txt,2,ğŸ« School District Analysis & Policy Metrics
BMDXYCXAUG3GS32B5SW6Q65PRQJTWEOZ.txt,3,ğŸ“œ State-Level Transport Policy & Administration
BNAB3PKSEPVY6LVEMD6PZQXWXMDDTQ7U.txt,2,ğŸ« School District Analysis & Policy Metrics
BO22JMPQ7C2FRODUK35FIODAQMDOCY6B.txt,2,ğŸ« School District Analysis & Policy Metrics
BOH4KJMMRAVVCOH7QURXB6OI54ZHSFSX.txt,2,ğŸ« School District Analysis & Policy Metrics
BOV6TNUHLZUKL6WNKWPBOXHXPL22HUNC.txt,0,ğŸŒŠ Environmental Legislation & Infrastructure
BQCOYOZ4JLHHZV4764GRWDBITIJ2KYZV.txt,3,ğŸ“œ State-Level Transport Policy & Administration
BRP4EG4C6NJVFZHSZUZIOAXSGVHHFJDH.txt,4,"ğŸ¦ Financial Policy, Education, & Pandemic Response"
BTV7FPFDLIGZEEUQ3ODJ2J7BJ57HJXTG.txt,0,ğŸŒŠ Environmental Legislation & Infrastructure
BUDP7F2VA32OORAA4TZ5OYZRYYLZGMDK.txt,0,ğŸŒŠ Environmental Legislation & Infrastructure
BUOCBC3OD52VNUONIT3IABQGK3JDIXB4.txt,2,ğŸ« School District Analysis & Policy Metrics
BW4FTNODL22WYRMWJCRIK6EEB2HVDQ4K.txt,3,ğŸ“œ State-Level Transport Policy & Administration
BYAGGYJAJF54MOS44JDLAZJZ2CJNQXNH.txt,4,"ğŸ¦ Financial Policy, Education, & Pandemic Response"
BYKJN2BUL5GMFA37AT54WTXVMPB5CXQL.txt,0,ğŸŒŠ Environmental Legislation & Infrastructure
BYSWSP7HQFGJC7GXW42C4H6RKIH3TAVQ.txt,1,ğŸ›’ Merchandise Data & Humanitarian Commerce
BYVMYNJSMFL7V7VYYCQ566SBR2HTWF5C.txt,3,ğŸ“œ State-Level Transport Policy & Administration
BZO3QEJ3CE2OQFGHA7ZD3CDOWHI543UM.txt,2,ğŸ« School District Analysis & Policy Metrics
C4C7ZVBASMN3KJOSFYD7Z6OSJZ2VL6SO.txt,4,"ğŸ¦ Financial Policy, Education, & Pandemic Response"
C4NPAEIY6FLWJW4OYOXHQQPAARYGSVFG.txt,0,ğŸŒŠ Environmental Legislation & Infrastructure
C5BRNMXYO6ZXRPUZUNHID4EBW4TAKQYI.txt,2,ğŸ« School District Analysis & Policy Metrics
C6SH74HD7KHGRLPMM6FE42GBFEZBBOYM.txt,3,ğŸ“œ State-Level Transport Policy & Administration
CAFPBUU24YDNMKG5ULIDXRBNI6NUPVF2.txt,0,ğŸŒŠ Environmental Legislation & Infrastructure
CBGYHKW5VJ4AWKLUIZDTMIIOPZVWDRV6.txt,3,ğŸ“œ State-Level Transport Policy & Administration
CEANMN5G6I4ISNFSTYEX44YCLQ52GWCV.txt,4,"ğŸ¦ Financial Policy, Education, & Pandemic Response"
CFE2FFPB3TDJ3H3QARTMXDZMY5KWEXF5.txt,0,ğŸŒŠ Environmental Legislation & Infrastructure
CI7INUGNXV4CY2ETA4PM5IOKZNUM5A2T.txt,2,ğŸ« School District Analysis & Policy Metrics
CIPZA5WZQ5JAE4AXBJTWO4PFGT7ORKB7.txt,0,ğŸŒŠ Environmental Legislation & Infrastructure
CIVXOLLIUSCCM6HCT63TQ4R4563YJHRL.txt,3,ğŸ“œ State-Level Transport Policy & Administration
CJ32H5HOWQQX3XKCOKS7HVZ4Z4RO33YK.txt,3,ğŸ“œ State-Level Transport Policy & Administration
CKD4X5XXEK26KQJPNUYC5BAHHHH2RNME.txt,0,ğŸŒŠ Environmental Legislation & Infrastructure
CLVKCFF5I35W7VS2OQN55H3E5XJ4XFVE.txt,2,ğŸ« School District Analysis & Policy Metrics
CM73W2TP2FDG5FFHRB6CQS526UNDQF7P.txt,3,ğŸ“œ State-Level Transport Policy & Administration
CMKTEAMIWZYAZM4XVNX6MDAOWI4G7VD6.txt,2,ğŸ« School District Analysis & Policy Metrics
CMLZOTTP4BCWEEGZ2OATUKNBQGGIZ4OA.txt,3,ğŸ“œ State-Level Transport Policy & Administration
CNPMG5NQZIMW4X6N2DH77Z5NHJXTWOGD.txt,2,ğŸ« School District Analysis & Policy Metrics
CPQ3LPSTBRDPAQHGNDKS2SHAB3JLT2MG.txt,3,ğŸ“œ State-Level Transport Policy & Administration
CRUX6GOFZIONS7TFHX7MGJWDZ5F636K6.txt,0,ğŸŒŠ Environmental Legislation & Infrastructure
CS4O7BCLPRK6J5MKIK7BPBFC2UURCM7X.txt,2,ğŸ« School District Analysis & Policy Metrics
CS7K5VMMTMSYHTHKLFYD7QC7EFIEPHKX.txt,2,ğŸ« School District Analysis & Policy Metrics
CT6O4FXETQ2ABBLKKRWK5E344XQA73C3.txt,3,ğŸ“œ State-Level Transport Policy & Administration
CTCGFUXUY5OISRT3B3UIQKMWPXEVKAUU.txt,0,ğŸŒŠ Environmental Legislation & Infrastructure
CTMYRF75O3COU6UV5KWIFEF6TLJF4REJ.txt,4,"ğŸ¦ Financial Policy, Education, & Pandemic Response"
CUF7M7BNFDH3UZPGBG55JYJHN4LVA3CP.txt,2,ğŸ« School District Analysis & Policy Metrics
CUHGX5XRCG2IOBFKZJO73RCWRBGZTE3J.txt,2,ğŸ« School District Analysis & Policy Metrics
CUZ2NR6XAEBYXKYB5AQ2C5IEHOWRBC6E.txt,3,ğŸ“œ State-Level Transport Policy & Administration
CVDOWLIOUVHDH3SRWHZALMVDPATFQGVR.txt,0,ğŸŒŠ Environmental Legislation & Infrastructure
CYINDTQC52PLSE235SEE2FHV4OVS5UHQ.txt,3,ğŸ“œ State-Level Transport Policy & Administration
CYPB3G76MAY6ESGBZ5FW7V4AHG5YVS7F.txt,4,"ğŸ¦ Financial Policy, Education, & Pandemic Response"
CYXM4LWKACZDGNELK57MUBGVEYKQFW24.txt,3,ğŸ“œ State-Level Transport Policy & Administration
CZOP2ITFIK5GAH4SD3GJI755X7QFUHM3.txt,1,ğŸ›’ Merchandise Data & Humanitarian Commerce
CZXLJIPYAEZEX6CTNJ7JZTSBXA44TTVT.txt,3,ğŸ“œ State-Level Transport Policy & Administration
D2FRDPDTXJKVTJKEBESWUWBYZDJRBNAI.txt,2,ğŸ« School District Analysis & Policy Metrics
D2QRZ66KOQHV23ZCW3XLS27YON4ATGCT.txt,0,ğŸŒŠ Environmental Legislation & Infrastructure
D3BLEFGEYIMPXCDAJJUYBTSMJEAURKTV.txt,3,ğŸ“œ State-Level Transport Policy & Administration
D3UTL7WXYMB5VHKSTM53DZCP5NDOK2J5.txt,0,ğŸŒŠ Environmental Legislation & Infrastructure
D45G6SVN7QZSMYJOJGWLKE3MJ6DHTYY5.txt,0,ğŸŒŠ Environmental Legislation & Infrastructure
D4BBBAV5MEXMP4EU2KX7JTF4DFORZHZO.txt,0,ğŸŒŠ Environmental Legislation & Infrastructure
D4CM47RUIGRB3ELSBVH4KECQCVU7DJZF.txt,3,ğŸ“œ State-Level Transport Policy & Administration
D4FEEQXJJDKXQ2NSXGTBKS64QRHHP65I.txt,2,ğŸ« School District Analysis & Policy Metrics
D5XGVE6OSPKS2ELNCRDRBFZ4XQNNAYA7.txt,3,ğŸ“œ State-Level Transport Policy & Administration
D6HDJJ7UEFJGI3ZLUWIWMZHJJDO7MRGC.txt,2,ğŸ« School District Analysis & Policy Metrics
DAMU2TVQKZEDZ6ZJN7NZBERHFU6I6ZZG.txt,3,ğŸ“œ State-Level Transport Policy & Administration
DC6ISE73FTS3CSZYA7GWOAXRDY7WRE75.txt,0,ğŸŒŠ Environmental Legislation & Infrastructure
DCV3ZE4QBSCTBQFIYAKWJLX32ENKJKI5.txt,0,ğŸŒŠ Environmental Legislation & Infrastructure
DDGJRL6PYXQO6TAZCPOLGYTVVSIUFRWG.txt,0,ğŸŒŠ Environmental Legislation & Infrastructure
DEAHZFTA4CQDFDYMRX2NPJCKEHYPIK2Z.txt,2,ğŸ« School District Analysis & Policy Metrics
DFRZEHIYFOLYSRB7IE2V7DWZTAFX6BHH.txt,3,ğŸ“œ State-Level Transport Policy & Administration
DG45DWPFVSPLLJLFUHTJUGTYNSX7WEMF.txt,0,ğŸŒŠ Environmental Legislation & Infrastructure
DGZ2C5RQO4EDW2XQHLWDCCJZUB6IQLCE.txt,4,"ğŸ¦ Financial Policy, Education, & Pandemic Response"
DJB3ZGUGJANSX3J2RPJJU6L4OPGKC2NK.txt,0,ğŸŒŠ Environmental Legislation & Infrastructure
DLCK2ZINQX5GZHWTO7CREF3XKDUSMXRQ.txt,0,ğŸŒŠ Environmental Legislation & Infrastructure
DLCKN67W6R4KMBYO4VLF2H7MTP665HIJ.txt,3,ğŸ“œ State-Level Transport Policy & Administration
DOKB26RKCSAF5APEDPO4JYXMHMUCLPRI.txt,0,ğŸŒŠ Environmental Legislation & Infrastructure
DOPBKNWBER76WVPP654XCUJGCQEGSOZY.txt,4,"ğŸ¦ Financial Policy, Education, & Pandemic Response"
DQSGXNBZHHZWC6653JA34RT56TTUZ6W5.txt,4,"ğŸ¦ Financial Policy, Education, & Pandemic Response"
DR2YP7NU7CR3XVU26T53RUKCUZ35HV5B.txt,2,ğŸ« School District Analysis & Policy Metrics
DR44GMFR57CROQCOUET6BVBGBYZW5HJ5.txt,0,ğŸŒŠ Environmental Legislation & Infrastructure
DROYHKJATHTGQRNXG6PEDVKVXILMNNET.txt,3,ğŸ“œ State-Level Transport Policy & Administration
DT4L2H3NRGV745OGQRVM3FVHNKECMEYP.txt,2,ğŸ« School District Analysis & Policy Metrics
DT6DEEFX7TAPKGTNNF5C4FOJQQ3QLCQV.txt,3,ğŸ“œ State-Level Transport Policy & Administration
DTMCZXA4EUHAELLHVHGOH573C4OZ7KM4.txt,3,ğŸ“œ State-Level Transport Policy & Administration
DTUUL6SJCKWTMKUHW4EBFNTNIZCMIM2H.txt,4,"ğŸ¦ Financial Policy, Education, & Pandemic Response"
DTYPSU6H33ZSSVI63PEM45AYRXUODI5I.txt,3,ğŸ“œ State-Level Transport Policy & Administration
DVKZAQ3CUXGDY2H4OVKPJHXM4IDHXP4M.txt,0,ğŸŒŠ Environmental Legislation & Infrastructure
DWLTLUWBPW5FY622QVPGQP22U45D65HE.txt,2,ğŸ« School District Analysis & Policy Metrics
DXPFLLZRFX6PVX7MBUEEPEVO6AJTVUDR.txt,3,ğŸ“œ State-Level Transport Policy & Administration
DY5LZQ4GNWFFHGFEMU7C565YTWYVC5SB.txt,3,ğŸ“œ State-Level Transport Policy & Administration
DY75VBIKWAL76NRMMVFOYFQ52DB77TEI.txt,3,ğŸ“œ State-Level Transport Policy & Administration
E2XYIWPO7VKZRRA4USIRPBU3HCDVEKRV.txt,2,ğŸ« School District Analysis & Policy Metrics
E3XL5U27WEMN6KDITFQEPNYN3FFPZRHE.txt,4,"ğŸ¦ Financial Policy, Education, & Pandemic Response"
E45NEAYVIVYEEBRMTFW3XMU5ZQQQTCWV.txt,2,ğŸ« School District Analysis & Policy Metrics
E56DXI3S5SVXXFZEC2OCGDDC4VYSWROH.txt,3,ğŸ“œ State-Level Transport Policy & Administration
E7O4MCIJGJKJSZ2G3ID2HPJMHKKQESON.txt,0,ğŸŒŠ Environmental Legislation & Infrastructure
EALKFLTU3UCBB6QBUNJKABNLGIJTRP7B.txt,1,ğŸ›’ Merchandise Data & Humanitarian Commerce
EB3A6TOVFRNEROHIMEIZF55MYVF3CAP5.txt,4,"ğŸ¦ Financial Policy, Education, & Pandemic Response"
EB46IVVKTIHXKYY42XWKUM64HY2USGTZ.txt,0,ğŸŒŠ Environmental Legislation & Infrastructure
EB5EKLJTJ5IL53O7YP2A2VW7APCINGBK.txt,0,ğŸŒŠ Environmental Legislation & Infrastructure
ECD5ZBDO5DNK52KCE74RPTT5UDFMOIW4.txt,0,ğŸŒŠ Environmental Legislation & Infrastructure
EE7766LOROEVENPPH5YSSIV3Q63HP5TN.txt,3,ğŸ“œ State-Level Transport Policy & Administration
EHKVBSEBX33HSCZP2YGBOAAGM4WPMRL2.txt,4,"ğŸ¦ Financial Policy, Education, & Pandemic Response"
EI4NKIFHUUATUUEER4SDXP6EZNJK7GQH.txt,3,ğŸ“œ State-Level Transport Policy & Administration
EIR7WZL6LLXE7N7TX5ZY4QKXPPZEISPQ.txt,2,ğŸ« School District Analysis & Policy Metrics
EJG5HX3GR5KU4XBCF3L6VM6ZQGPEMYP6.txt,3,ğŸ“œ State-Level Transport Policy & Administration
EKWVDOMQ3BRDHPPTHV47A37AY2NUS7XK.txt,0,ğŸŒŠ Environmental Legislation & Infrastructure
EKYCT6JDYSVHCFQPJSCTM7VEB5GEUPWR.txt,2,ğŸ« School District Analysis & Policy Metrics
ELS4P7L7AQO4WFSJVMCLQZ4HLOQIHFZU.txt,4,"ğŸ¦ Financial Policy, Education, & Pandemic Response"
EMMM5FRYBCPVBLVU4RY6OFEKZFWM2KIJ.txt,3,ğŸ“œ State-Level Transport Policy & Administration
EMV5G7QIUVFMF7PMONNAT7IGWSTPHLQO.txt,2,ğŸ« School District Analysis & Policy Metrics
ENYGA5NQD5Q33QKGXONUBLQS7FJMLO6N.txt,0,ğŸŒŠ Environmental Legislation & Infrastructure
EQDIZLFPMDEBKUMF53WGJTJNZCBWBPPH.txt,0,ğŸŒŠ Environmental Legislation & Infrastructure
ES5LDB5OV2PKIMVD3Z72CVQK4RSDBYJI.txt,3,ğŸ“œ State-Level Transport Policy & Administration
ESIAEQENN4LMSOASECP7GLHB4TQ6IDPB.txt,0,ğŸŒŠ Environmental Legislation & Infrastructure
ESLT6O2ILYCNRFPEICP7QNQDZOWHLMUD.txt,3,ğŸ“œ State-Level Transport Policy & Administration
ETHSNCYBMUXLZLAAB6PZK2GIO2E7ZEXK.txt,3,ğŸ“œ State-Level Transport Policy & Administration
EU72SRWRRWAE3AYJ7CPHLDNOBSO3LTZ2.txt,3,ğŸ“œ State-Level Transport Policy & Administration
EUMZHAVVHG7K6CDQVOACCW3IN4DSMT5M.txt,0,ğŸŒŠ Environmental Legislation & Infrastructure
EVWZKEBEBK3TDSK3VC4AHQKSNXD6FBWI.txt,3,ğŸ“œ State-Level Transport Policy & Administration
EZ5GI4R7U4POAIDO2DOL6J3LIQLGQQRX.txt,0,ğŸŒŠ Environmental Legislation & Infrastructure
EZCGBU5BSAHPIJIBP3AKOZX7WYPWQXTE.txt,0,ğŸŒŠ Environmental Legislation & Infrastructure
F3LOYTH6FFFHPUX656OVEEXNYRIFFWYQ.txt,4,"ğŸ¦ Financial Policy, Education, & Pandemic Response"
F3TG5IF7IJ4M3G6U255KCW355VLFMRBK.txt,0,ğŸŒŠ Environmental Legislation & Infrastructure
F4W34PLIHPDTMPAVT42EVI6EOISWUJ2C.txt,0,ğŸŒŠ Environmental Legislation & Infrastructure
F5H4P3SVLYMD7CM2HIICOSAGODB6N3JT.txt,2,ğŸ« School District Analysis & Policy Metrics
FACJVHVLPMDY7MXLGTB3JOSXIZ2XWAQD.txt,0,ğŸŒŠ Environmental Legislation & Infrastructure
FBTKGVAADTR36EKHKLGBXAUK5DI2LT5Z.txt,0,ğŸŒŠ Environmental Legislation & Infrastructure
FC2VGRC55DZ77QA4O5L7DPBQEUDIQG52.txt,4,"ğŸ¦ Financial Policy, Education, & Pandemic Response"
FDSCSRQTOQOGCBTQJU35NWLJ7OVYQW7C.txt,3,ğŸ“œ State-Level Transport Policy & Administration
FDTYXYUFBYWZS4D6AXVHXVZMDTSVAQO3.txt,0,ğŸŒŠ Environmental Legislation & Infrastructure
FGQNTPYB75NQ2BY4HIIFBTVHYQBOX44W.txt,4,"ğŸ¦ Financial Policy, Education, & Pandemic Response"
FGW25YJCHKX5V4CGB447WS3CQP2ZVRDY.txt,3,ğŸ“œ State-Level Transport Policy & Administration
FGZMCFJCVNCWGNVLKUGB27JTHYPUFTIA.txt,3,ğŸ“œ State-Level Transport Policy & Administration
FHODZ536VRZSXNKLBKFISFM4BYJY5MA6.txt,3,ğŸ“œ State-Level Transport Policy & Administration
FIFBHNNBJDHSCZYQOIS2APXAA2IWIHK5.txt,3,ğŸ“œ State-Level Transport Policy & Administration
FINT6YKQ6HZIF4FG6472FBR4EVTNCZYZ.txt,3,ğŸ“œ State-Level Transport Policy & Administration
FKGR2WSW2JVE5A3UJMB3CDZANY52D52I.txt,3,ğŸ“œ State-Level Transport Policy & Administration
FKXAOBO27MSNKEA6PNS6P54HNFPMSNLL.txt,0,ğŸŒŠ Environmental Legislation & Infrastructure
FMKUKISD27PIQH3UAZ5GCM66QIJJV3G4.txt,3,ğŸ“œ State-Level Transport Policy & Administration
FN57WLHIT65SCHMVG3K65PZW5PWM5CQ7.txt,0,ğŸŒŠ Environmental Legislation & Infrastructure
FNLYS665QK2JZN5NXLAK22QOTNQTN2U3.txt,4,"ğŸ¦ Financial Policy, Education, & Pandemic Response"
FOCUMOSF3I3TKMLBTGIAMN4HZRA6OBPT.txt,3,ğŸ“œ State-Level Transport Policy & Administration
FP3RQFKAHYT65A4O7T2B526NDPVG7D7I.txt,3,ğŸ“œ State-Level Transport Policy & Administration
FPX7XMI7AP2GAD23QJNSAKAGCRPSZKTD.txt,0,ğŸŒŠ Environmental Legislation & Infrastructure
FSPPS72FUFTLI2ECK5IVYCSAXI2GRAGI.txt,2,ğŸ« School District Analysis & Policy Metrics
FSZZW6LXFYIZLWSPDS3LUIYELMYHQLUI.txt,3,ğŸ“œ State-Level Transport Policy & Administration
FTLF4636APPKQDG5YKVPXDML54WUBBZA.txt,3,ğŸ“œ State-Level Transport Policy & Administration
FVIKHA7GEB6QLKRNAPQD63GXPARVH3KX.txt,3,ğŸ“œ State-Level Transport Policy & Administration
FWVM2CX6UZ6CPTNRTPSAUCGZ72UZJAAP.txt,0,ğŸŒŠ Environmental Legislation & Infrastructure
FXDCZKVBXPOBKON5ZHKWU6WCDH5BEDYV.txt,3,ğŸ“œ State-Level Transport Policy & Administration
G55L6N2GWXAO25ORSIBERRGSISMUNVKC.txt,3,ğŸ“œ State-Level Transport Policy & Administration
G5C3CM7DIONQOEWTYFPP3UJEWODLVHPN.txt,4,"ğŸ¦ Financial Policy, Education, & Pandemic Response"
G7GQJSD3U6NDHK7ARFEAMSCRRBPN7S5D.txt,4,"ğŸ¦ Financial Policy, Education, & Pandemic Response"
GBMOB4WD5UEJPVB2OTTQNMICMOP3PG4R.txt,3,ğŸ“œ State-Level Transport Policy & Administration
GDSKWZKLKQOSH72CKDIFPUJMVX4KDIW7.txt,3,ğŸ“œ State-Level Transport Policy & Administration
GF4OGED6DIFR5WHABHTLSTFV7656GKN3.txt,1,ğŸ›’ Merchandise Data & Humanitarian Commerce
GFZKIRYHHR2NZTPACKJY5MTG5X3CYGEX.txt,3,ğŸ“œ State-Level Transport Policy & Administration
GGGXC6WZE4CKPCLWC5UX6F465XQEAGR6.txt,2,ğŸ« School District Analysis & Policy Metrics
GGLQFBLQF5BLQKGOXFHVYVU6CRHUFVLU.txt,2,ğŸ« School District Analysis & Policy Metrics
GGYFXPMKQD267PXVZ3L2TK46IIHHSV7V.txt,3,ğŸ“œ State-Level Transport Policy & Administration
GHHN226SIBRDZ5Y52XT5WBU2Y6HS4C6P.txt,0,ğŸŒŠ Environmental Legislation & Infrastructure
GIG4KPPQWOAJKUY3724CODP2WSX5I2GF.txt,4,"ğŸ¦ Financial Policy, Education, & Pandemic Response"
GKIGKIVD24PQYBUWILRPW2PXFZK3T363.txt,2,ğŸ« School District Analysis & Policy Metrics
GKKRL4WDTHIXSKURLLCSPTOJSAOWF64Z.txt,0,ğŸŒŠ Environmental Legislation & Infrastructure
GKMDOS7GQ75PJC46U3R2ZWAAEMZH3T66.txt,2,ğŸ« School District Analysis & Policy Metrics
GLXEDNT3LDSIPA6BGJGFIUEXOBO4NRDE.txt,0,ğŸŒŠ Environmental Legislation & Infrastructure
GMASRQ5T6SZJ7CAIU73TNIHTPW7FWCE2.txt,0,ğŸŒŠ Environmental Legislation & Infrastructure
GMK4H4BJR67LM7QUU3GAJT6J2Q5IKQT6.txt,0,ğŸŒŠ Environmental Legislation & Infrastructure
GMXUAMD4SJ3SI277ABZBVOOUHXVRMUPA.txt,3,ğŸ“œ State-Level Transport Policy & Administration
GOCYUTJWJZBXHIUSFYG3LVX5SG6HPEVV.txt,1,ğŸ›’ Merchandise Data & Humanitarian Commerce
GOHTUHFXHFLQENFPJ7LB5G55VNZTKH67.txt,3,ğŸ“œ State-Level Transport Policy & Administration
GS5DOB2Q5E234R3L6T4MXMRGJQFXVY7L.txt,0,ğŸŒŠ Environmental Legislation & Infrastructure
GTB3EZFGUHRQV757YXZIRJW4C6CCYGJT.txt,2,ğŸ« School District Analysis & Policy Metrics
GTJF3FNLZ4ZXJPIJ4WDESMZ6DR3CTLSD.txt,2,ğŸ« School District Analysis & Policy Metrics
GVQFFTBHO2WYEON7YRSWGOKKT4BFLY3P.txt,2,ğŸ« School District Analysis & Policy Metrics
GWYYEO7BT54SUYBU7M4232GNAWWV6IOX.txt,0,ğŸŒŠ Environmental Legislation & Infrastructure
GXN6NIJAPDVKETP2WCAL523Z6OESGKDD.txt,4,"ğŸ¦ Financial Policy, Education, & Pandemic Response"
GZ4X7A3RHNQOWPWZQJ5LHKIZ3JTHSIZI.txt,3,ğŸ“œ State-Level Transport Policy & Administration
GZ62LWSF6OMAXHC5VDCOYD53D7GSE2HO.txt,3,ğŸ“œ State-Level Transport Policy & Administration
H3YJPSWC5CGCS3UTEG67HNN7OKMXDA3I.txt,2,ğŸ« School District Analysis & Policy Metrics
H65TKD4D2Z32SZHRLYLOHIMM25T4C5S3.txt,4,"ğŸ¦ Financial Policy, Education, & Pandemic Response"
H6UM4PXSLMCY7AB5NGMZ2UJHGA4FSMYI.txt,2,ğŸ« School District Analysis & Policy Metrics
H75CHMEGQV5GB7Y4YQS4OYSBCPHUFFBY.txt,0,ğŸŒŠ Environmental Legislation & Infrastructure
H7U4KMXPQKUBDKIPQQRC6ETJZEZR3OCZ.txt,3,ğŸ“œ State-Level Transport Policy & Administration
HB2IHQ5EY4MV6YIJNCKSZ5L2EA6BPV75.txt,3,ğŸ“œ State-Level Transport Policy & Administration
HCHQUVOOEBJYJX23WCEMGGC2WVXF2F3G.txt,2,ğŸ« School District Analysis & Policy Metrics
HCPCI34AEBKDUFDP442OTOL2AUGIG3BJ.txt,0,ğŸŒŠ Environmental Legislation & Infrastructure
HDOB32Q5ZOTQJCMF2TY5XEPUD4VRCUH7.txt,3,ğŸ“œ State-Level Transport Policy & Administration
HDUWFMUR5BA3PDSRTCJMNFUNYZ7OWHQ2.txt,0,ğŸŒŠ Environmental Legislation & Infrastructure
HE2GQLBH2WBUUJKRBNZCYY5QZWTVCY35.txt,2,ğŸ« School District Analysis & Policy Metrics
HE3SWA26M4C3264OZH7VXMKMHJFSFRDG.txt,3,ğŸ“œ State-Level Transport Policy & Administration
HGB546MCYLA3JJLIKLP5WGEFY6DUY5ML.txt,3,ğŸ“œ State-Level Transport Policy & Administration
HGJIJLL3ZVEO2ISTFZSKH53BIC2K3UYX.txt,3,ğŸ“œ State-Level Transport Policy & Administration
HH5OITTKV27JDKG7CZ3U2VNDB4VFEWWQ.txt,0,ğŸŒŠ Environmental Legislation & Infrastructure
HHG5MLUR5GQ5MO622QRT7XNQRXCML7YP.txt,3,ğŸ“œ State-Level Transport Policy & Administration
HKZAYT5MELBWIO3KEUOMDX42ENWUWSHD.txt,3,ğŸ“œ State-Level Transport Policy & Administration
HLGUA2TVCFAMJQDFC5IC43JBVUOFXDWB.txt,3,ğŸ“œ State-Level Transport Policy & Administration
HLU6GY5HJLJF4AYSMOXUB6K324KXZBZM.txt,0,ğŸŒŠ Environmental Legislation & Infrastructure
HLYRITP6GLJWLRBBPIM73IDSX2GSAQSI.txt,4,"ğŸ¦ Financial Policy, Education, & Pandemic Response"
HMYPEMBWIZMDVVYG6NEUNDFWGI2QTKYK.txt,1,ğŸ›’ Merchandise Data & Humanitarian Commerce
HNBALTFDCV5YCQB772EJLOZGFV3JQLXS.txt,2,ğŸ« School District Analysis & Policy Metrics
HNOVSRWPYY3EVR44ERUZ4XTUS5SOKRWZ.txt,2,ğŸ« School District Analysis & Policy Metrics
HOR7BQTQAFIPH2Z5TCKEJ5FZCCV7MZBO.txt,2,ğŸ« School District Analysis & Policy Metrics
HOX6HP64JIBXKA2HFWNSAWSJFUHWENGZ.txt,2,ğŸ« School District Analysis & Policy Metrics
HPXULDFI3DAZ3V2NZOHYUGUY5SLS4AHU.txt,2,ğŸ« School District Analysis & Policy Metrics
HQ3EDBUQ55MJVAAWB3KE7VYWLHAOXKRI.txt,3,ğŸ“œ State-Level Transport Policy & Administration
HQIOPSJSKZG4AZ2NCERJBQQWVWNJ2CWH.txt,3,ğŸ“œ State-Level Transport Policy & Administration
HSZJLPQSI6NJU2NBWZWZY2CHBUKDXG2M.txt,4,"ğŸ¦ Financial Policy, Education, & Pandemic Response"
HTWW3AUIV4LKXIRLIDXBWQG76WEUG26H.txt,4,"ğŸ¦ Financial Policy, Education, & Pandemic Response"
HVP5WMRFWBOCTMMV6NC57S2QJ674CGXG.txt,3,ğŸ“œ State-Level Transport Policy & Administration
HVZOYBB4ECW5PRQZVXHPIH546HLFSCAH.txt,0,ğŸŒŠ Environmental Legislation & Infrastructure
HWLEW7RJBOFKM7YCQA66Q2E5AHR63KG4.txt,0,ğŸŒŠ Environmental Legislation & Infrastructure
HWWJCHPYGVP2VEQLTYB3Q2EQABOTUJ3U.txt,1,ğŸ›’ Merchandise Data & Humanitarian Commerce
HXOV2RQJRHU5PDC4PRLJJLU2RT4PSSLV.txt,2,ğŸ« School District Analysis & Policy Metrics
HYGACNZRS4COKQDATI7LQEA6JCHCETTS.txt,4,"ğŸ¦ Financial Policy, Education, & Pandemic Response"
I26R4ZZQ3EN7S4L4IXK4R7XVVJ2DIPHP.txt,4,"ğŸ¦ Financial Policy, Education, & Pandemic Response"
I2DMPRJ5EOG5AE7BCMHS5IB2KPWKG322.txt,3,ğŸ“œ State-Level Transport Policy & Administration
I2PMGWGFZUZ522BRFPLLTDGI2O3H75CH.txt,0,ğŸŒŠ Environmental Legislation & Infrastructure
I6S22V76FRG6WXENYBFTYLUPZEYTE7CE.txt,2,ğŸ« School District Analysis & Policy Metrics
I74UK7CA3VD36AJLDMBKXZHMRBRV6KNF.txt,2,ğŸ« School District Analysis & Policy Metrics
IAH3Q2OTSFIUYZW7PIM4HB67NYUZPQ53.txt,3,ğŸ“œ State-Level Transport Policy & Administration
IEAJEYOK5ACMQUZGX7QDHS7ZR6XXSVYV.txt,2,ğŸ« School District Analysis & Policy Metrics
IFZFKQAJVRO7DBK7PJHVWZGWIWSIK45E.txt,1,ğŸ›’ Merchandise Data & Humanitarian Commerce
IHF43SE4IEBMFW54OXINVPSAC6A6DTSA.txt,0,ğŸŒŠ Environmental Legislation & Infrastructure
IJEACIRWFTFAIA4OFQIWDFMFTRYC7SDS.txt,0,ğŸŒŠ Environmental Legislation & Infrastructure
IJKB2B6V42DWTKVWIK7WSDYL7IIXTW47.txt,0,ğŸŒŠ Environmental Legislation & Infrastructure
IKOIMACPLTOKKI2XAQPQOCR7HL2E7MCY.txt,2,ğŸ« School District Analysis & Policy Metrics
IL4BFU54X4UZB6DS2IJYVXCTHBOEF7YZ.txt,2,ğŸ« School District Analysis & Policy Metrics
ILRVVACIV2JDSO4LHLATCOCKSEQYZCMZ.txt,0,ğŸŒŠ Environmental Legislation & Infrastructure
IM4NOHWT2KSDC4FBCAXQW722XG3AZCNP.txt,0,ğŸŒŠ Environmental Legislation & Infrastructure
IM4QZDPPO5PUG5SPN2VFLKQDDK5RT3BU.txt,4,"ğŸ¦ Financial Policy, Education, & Pandemic Response"
IMCWQGTX5ERM655QS3VKX5ED2QZEZAKE.txt,2,ğŸ« School District Analysis & Policy Metrics
IMJ4MPPYAOJ3IK6EEI3IDHS4IKZ5WFXT.txt,1,ğŸ›’ Merchandise Data & Humanitarian Commerce
INE663VOPVFVXLNIIAX5ZESMKE2X34Z3.txt,0,ğŸŒŠ Environmental Legislation & Infrastructure
IO77HAUREG5W6P2DKSLD5HBNNDJU5SQI.txt,0,ğŸŒŠ Environmental Legislation & Infrastructure
IOU2IMTASMHXQWTXMFXUBR2DC2YAQG3W.txt,0,ğŸŒŠ Environmental Legislation & Infrastructure
IPSOTZ2PBHPSDMON7CRCOAQD5CNYYOVE.txt,3,ğŸ“œ State-Level Transport Policy & Administration
ISNVO7SIHHW237IDLQ73PZNSSUSTZ6R7.txt,3,ğŸ“œ State-Level Transport Policy & Administration
ITLSXXTHX4ZLH5HA52B2YWCFQC3CXZ5L.txt,3,ğŸ“œ State-Level Transport Policy & Administration
IUJCXHJGQ5XTDLV3CYTCTXLPD77RUA2P.txt,2,ğŸ« School District Analysis & Policy Metrics
IWBFGFBEXBD54JGRHBZM5V2BUAZTRO4R.txt,1,ğŸ›’ Merchandise Data & Humanitarian Commerce
IX44BHQ54BCVRSA6XB3KC2WWUCYZINYZ.txt,4,"ğŸ¦ Financial Policy, Education, & Pandemic Response"
IYUNRQPMTREBOTPIQVJVWLOXDYVFY7PH.txt,4,"ğŸ¦ Financial Policy, Education, & Pandemic Response"
IYXYPBN2SRX7T52TZCA76GJNXJWDUMDC.txt,3,ğŸ“œ State-Level Transport Policy & Administration
J22PFVU7YYAE6T4VP5F2OZUVFIS3JSQT.txt,2,ğŸ« School District Analysis & Policy Metrics
J4I447QIORVBVIFCBZ5GIOKV7MPWYRXU.txt,0,ğŸŒŠ Environmental Legislation & Infrastructure
J4XIQKGR5I6GKS2RD2IWEWCUNLVEFSZO.txt,0,ğŸŒŠ Environmental Legislation & Infrastructure
J5ZSV4CEZDUKODXRBOAVGJVB5XTR5QMA.txt,2,ğŸ« School District Analysis & Policy Metrics
J6KG3WLCIJ3FRU6V6N7LLHD46F2CBEWE.txt,0,ğŸŒŠ Environmental Legislation & Infrastructure
